industry,num_firms,revenue_growth_5y,pretax_operating_margin,aftertax_roc,effective_tax_rate,unlevered_beta,levered_beta,cost_of_equity,stdev_stock_price,pretax_cost_of_debt,market_debt_to_capital,cost_of_capital,sales_to_capital,ev_to_sales,ev_to_ebitda,ev_to_ebit,price_to_book,trailing_pe,noncash_wc_pct_revenue
Advertising,419,0.07674594488188972,0.08545219135145969,0.1793365767118328,0.2822286846399317,1.086116136197718,1.272831803339158,0.1111604305279946,0.4781971571430378,0.060013,0.288534317211795,0.09200962059183242,2.59090949067257,1.522018704690608,11.07983364143014,16.45856942463147,2.478629080794582,41.3764398297482,-0.007390632597755556
Aerospace/Defense,319,0.1003011386138613,0.09178508343052239,0.1546266528982992,0.1751405846269328,1.166684299427081,1.230944636330449,0.1088021830254043,0.4653536316295678,0.060013,0.1150476572634508,0.1014374669409912,2.464919908721302,3.385246124413623,22.39882312783213,33.08486316707189,6.7223105530477,189.8800924782406,0.3930613319380565
Air Transport,150,0.2065428346456692,0.08209446269459414,0.09013467295800828,0.2145641497321069,0.6840621552018372,0.990625140921233,0.09527219543386542,0.3363451647411857,0.057772,0.4409828120665577,0.07227187614534744,1.314039929397383,1.39780767934131,9.070637277664346,16.92162740052879,2.482139376008782,26.88178846969008,-0.0352949395584087
Apparel,1207,0.09614445595854917,0.1259492517915098,0.1606658149624852,0.2763686998977823,0.7052666591336804,0.7624174150098879,0.08242410046505669,0.4091273514267088,0.057772,0.1575730805753863,0.07623008279493278,1.520636578025724,2.310920519812083,14.04802801054984,17.70304330825734,3.286923684168487,59.3101092936845,0.2233567265794157
Auto & Truck,165,0.1418665048543689,0.04312659717257243,0.04329071184798652,0.2390673556586037,1.145382385474323,1.405957835982734,0.1186554261658279,0.4654404513744416,0.060013,0.323459037203528,0.09476224319438756,1.190480404319043,1.503898859337182,17.28772934908585,33.70303535892507,2.110181568787867,64.09523391345726,-0.02520913600754166
Auto Parts,797,0.1160243396226415,0.054480012734338,0.129164411679616,0.2446634577663042,1.35347187966227,1.449821287328946,0.1211249384766196,0.3854979087963625,0.057772,0.2175268904635065,0.1041557321241016,1.978693584514997,0.9601357791579264,9.234581285045799,16.7734046072978,1.709664937251359,84.42572934865285,0.113707633526337
Bank (Money Center),604,0.1920111229946524,0.003764173341521477,NA,0.1961144608007977,0.3627650509714354,0.6974939226520271,0.07876890784530913,0.2456745394659963,0.054406,0.6791998663586672,0.05284676268305152,0.1356689082812272,8.915344526636781,NA,NA,1.137116206218977,23.38045406728875,NA
Banks (Regional),825,0.08385352769679301,-1.84356592717434e-05,NA,0.1888032243731155,0.300363382663931,0.5134872216822973,0.06840933058071334,0.2333197668167571,0.054406,0.6691759667879212,0.04980213479454618,0.1560152998323367,6.853213297701307,NA,NA,0.8521249253102618,27.96282854641907,NA
Beverage (Alcoholic),217,0.08623367231638417,0.2246869431320431,0.1541797328393322,0.2613676519002731,0.7250443439894131,0.7926708486212135,0.08412736877737433,0.3400924182097906,0.057772,0.1686994095482963,0.07720864747563046,0.8429143566413393,3.317562249652816,12.21587017546518,14.66554108192349,2.792196541240661,46.91779425396877,0.1089390607252331
Beverage (Soft),94,0.1146848484848485,0.1762373004333796,0.2536750868954302,0.2150647923164333,0.5420226574467705,0.5928484661583204,0.07287736864471345,0.3692959472824889,0.057772,0.1576833132689677,0.0681843781577377,1.684058870872386,3.479428463941298,15.96984623355032,19.56846985783336,5.764797681476511,25.61747416655314,-0.04259179605187283
Broadcasting,127,0.04378435185185185,0.099745610173364,0.09505074643010343,0.2739218863111449,0.6557707626756251,0.832172827138835,0.0863513301679164,0.4048451394444616,0.057772,0.3621320222057915,0.07069415870681217,1.124682571928328,1.28396634799039,8.470985533530179,12.46141938306218,1.146614660496049,24.0900467177271,0.1149106002691143
Brokerage & Investment Banking,623,0.2056042203742203,0.00936980891288772,NA,0.2065715244003343,0.4895737616143335,0.9846136258120903,0.0949337471332207,0.4096425651180902,0.057772,0.6417521201815757,0.06167911262613984,0.2205893241741448,6.425086045280601,NA,NA,1.826843688865809,53.98421953296227,-1.351920263628781
Building Materials,469,0.06150354395604395,0.104013279470123,0.1418910136383785,0.24573048899787,0.9027205933766406,1.004830306752776,0.09607194627018131,0.3463065425796759,0.057772,0.185531557752461,0.08624680673034867,1.736044949585409,1.885103661587265,12.41049028823695,17.77273086059952,2.792930450487378,50.22868282017253,0.1764431626868936
Business & Consumer Services,994,0.08317985294117648,0.1014531411173584,0.2209232108722554,0.240598575019885,0.9083303812347316,0.9921459759086856,0.09535781844365901,0.39436765478505,0.057772,0.1708602159893155,0.08643164082203345,2.798120026864799,2.038494152735544,14.08667338014467,19.47730673518671,4.312507113881225,33.30317046429641,0.1086695822781252
Cable TV,42,0.04344324324324324,0.1733696641675961,0.1114996469460938,0.1902468001305999,0.5908296327587623,1.096995264367076,0.1012608333838664,0.3902685527392315,0.057772,0.5539018621904962,0.06905388292441811,0.7289545858158519,2.161055912071605,6.577342258822858,12.47474740791351,1.382253894334376,69.65703724181841,0.02563457440573476
Chemical (Basic),909,0.1022355144032922,0.03683526617345578,0.03150724849543016,0.1952137018339548,1.002147261333976,1.256025755860968,0.1102142500549725,0.3769658576831276,0.057772,0.3354586303709491,0.08770530925033596,1.026596001628205,1.430356040944339,13.70731320537325,36.46457577473927,1.447331671682962,114.4192437230266,0.1198485933607353
Chemical (Diversified),63,0.08666413793103449,0.06829306808360508,0.06387008533010807,0.2619878560483466,0.9100571271749189,1.169202539534707,0.105326102975804,0.2976335182440655,0.054406,0.3443446292047727,0.08303911819198612,1.211716408598134,1.09533195940077,8.654862706456012,16.0032352044593,1.249065420355111,25.31045837315828,0.2094916906520285
Chemical (Specialty),952,0.104829791086351,0.1096589444553511,0.09511963803857178,0.2368584498762568,1.042806876150528,1.153626570549779,0.1044491759219526,0.3944561466212217,0.057772,0.1903826322183655,0.09277226044219615,1.086801036464634,2.369147221270728,13.10422120366732,21.13221706534345,2.305932026419518,71.55248185616203,0.188851790471505
Coal & Related Energy,212,0.1417645794392523,0.160380928991067,0.1415339475997465,0.2253369140725343,1.133004876354471,1.142939745797756,0.1038475076884137,0.5863203643675186,0.060013,0.1659934006150313,0.09404396968593158,1.018141877124254,2.138494087796913,7.963502495488167,12.44827555769511,1.702759118798788,55.83822331560874,-0.03182386355455838
Computer Services,1225,0.1362441606714628,0.07559715564708971,0.2095530575895281,0.241104512501915,1.071576962077093,1.116690482307339,0.1023696741539032,0.4251425025648063,0.057772,0.1305361924568258,0.09463482640319927,3.754696569367509,1.462691531651747,14.62189410503168,18.50678978918463,3.988447812965845,57.1524916632356,0.2986624035760102
Computers/Peripherals,343,0.03269141263940521,0.1261161260895933,0.1991018502577356,0.1521153393536447,1.468198255805328,1.486104698951083,0.123167694550946,0.4355863705546168,0.057772,0.0582940538462114,0.1185011126646903,2.483535697457855,3.401964501723067,20.17631396252562,26.72844191888277,8.108983243361163,72.09569105131055,0.0468501235687087
Construction Supplies,804,0.1072884663536776,0.09709673046607357,0.09292383137761633,0.2179975327781559,0.916676263756567,1.034395575517056,0.09773647090161025,0.3731687162179469,0.057772,0.232374586691848,0.08504388578279709,1.225762869525703,1.801143397732801,12.30950884697506,18.06629251210746,2.085552014437456,113.953724234675,0.1741098942728497
Diversified,329,0.1528802214022139,0.1511301914180594,0.08984867749422655,0.1866219483750491,0.6525743978395595,0.7973881744550738,0.08439295422182067,0.3001957538334818,0.057772,0.3266130503117056,0.07091111524574394,0.713018226876631,2.142610860245727,10.93598617969207,13.87796565041826,1.219083164468916,30.90374249724573,0.06047307870750648
Drugs (Biotechnology),1193,0.2746880244399182,0.0747631386588691,0.02994251473785985,0.1514735874010796,1.180809226110082,1.23079009870406,0.1087934825570386,0.6551156857132975,0.067295,0.1099234313818439,0.1023551326284541,0.7137106650893518,7.941242537185091,16.7139255842355,77.6872538057531,6.16991008259856,161.4363708559394,0.2061185652369878
Drugs (Pharmaceutical),1260,0.1405023452380951,0.2307005981619253,0.1473728320717214,0.1785869778712996,0.9987543035477139,1.062590304522225,0.09932383414460129,0.4748578941902974,0.060013,0.129978872744778,0.09223528915158788,1.069789855397048,4.396216010054473,13.84795033944487,18.25249834262768,4.168315605852477,87.1395900402255,0.1854197434266482
Education,281,0.1620242780748663,0.1592522447774741,0.1436168305911461,0.2182083391157739,0.7445772281882472,0.8117409279101255,0.08520101424134008,0.4191251235753797,0.057772,0.2224420101713282,0.07583937082027092,1.158577029914721,2.059812675436004,8.96222721383151,12.6386234104291,1.875245666387401,43.56981844578971,0.05962165675968654
Electrical Equipment,1158,0.1226251446540881,0.08346886353166785,0.1144961316091309,0.2082826655740018,1.340641028310137,1.37347459397753,0.116826619640935,0.4675953653347252,0.060013,0.1207865686939959,0.1081252859545784,1.76125580909048,2.773452136969885,20.85572741582318,31.70450980225604,4.043956201786439,68.10792996666788,0.2234405368112239
Electronics (Consumer & Office),122,0.0487872,0.06024299069552206,0.08067930496038599,0.2022039970998216,1.192587261247057,1.197057726576267,0.1068943500062438,0.4363352385632949,0.057772,0.1404077849602574,0.09793926694899856,1.905898248521927,1.039260705734136,10.74168895955012,16.90140412881469,2.039730177567915,41.30178588943661,0.05190685604887678
Electronics (General),1481,0.06761983578219538,0.06285178727031872,0.08238339577137488,0.2069309978310537,1.568504800835242,1.598188009962662,0.1294779849608979,0.4437466205926912,0.057772,0.1241014389380188,0.1187602444873785,1.696701573690425,2.228538017319137,18.73319590271263,33.64228784866712,3.321911464681992,71.38356122051283,0.1842233323915506
Engineering/Construction,1390,0.1039016103379722,0.05103313747408488,0.07191370425530605,0.2349389993321367,0.7593173946857013,1.001049199678247,0.09585906994188534,0.4013334266150131,0.057772,0.4335942318966762,0.07298965107188389,1.8622198609708,0.8331417163904553,11.25676178665598,15.73247701220291,1.338797269929496,54.77523881408556,0.166742074480186
Entertainment,733,0.09896481707317072,0.1164367044875581,0.1104082332093956,0.1688580418309515,0.9820773204991382,1.01273062606517,0.09651673424746908,0.4754234283025113,0.060013,0.1129496356378006,0.09067395889192645,1.203186003702762,4.086008084246441,18.6510960197796,32.79646400983268,3.879756392862385,120.3947657867325,0.02658281946959752
Environmental & Waste Services,397,0.1231948739495799,0.112732930985851,0.104107262845173,0.218857991266837,0.9079972563351502,1.101814896754947,0.1015321786873035,0.4397794475099763,0.057772,0.2630741066727338,0.08616419567465208,1.038750185764989,2.939585935446154,14.73594195663689,24.95585645173527,3.230666262138519,63.54047071947007,0.1551603150452389
Farming/Agriculture,428,0.1478062812500001,0.06390944254858887,0.06778885085649826,0.2287472850503595,0.4926714956404097,0.6698983445718822,0.07721527679939696,0.3616680806301981,0.057772,0.3712300016556256,0.06455632141832794,1.297762187662093,1.22078861958216,12.90828233399416,18.57862663464822,1.696640134676846,48.07524004908791,0.1853682224326317
Financial Svcs. (Non-bank & Insurance),1138,0.1702458536585366,0.1412558564710877,NA,0.1740499833727564,0.2951148309916098,0.8234879512698963,0.08586237165649516,0.4134446924749124,0.057772,0.7258880715059758,0.05483274130914689,0.09370829733743893,13.71545649795927,43.42140928005367,52.9149409569078,2.378345302376829,36.77969598617779,NA
Food Processing,1450,0.09651845656192226,0.08535824839322913,0.1197351007742026,0.2251731326547388,0.5602253462264254,0.6737244514596056,0.0774306866171758,0.3390480091894392,0.057772,0.2706192052933248,0.06814426869857931,1.708537671031893,1.343450791966096,11.07207595956246,15.46010621208901,2.190257255778186,39.76722771221749,0.1057001589800805
Food Wholesalers,183,0.1756622307692307,0.02541970227621734,0.1067498761891389,0.2413611068922022,0.498877421978958,0.6848175876595803,0.07805523018523437,0.3599066960126782,0.057772,0.3680625521577038,0.06519512955031707,5.170335656479948,0.4063924519185299,10.43092181418722,16.01070807716903,2.487621710645108,38.00458911901727,0.06759840602004305
Furn/Home Furnishings,383,0.05826565517241379,0.076458433925367,0.1260784988471352,0.1763284839789386,0.9383844270287286,0.9675096670659729,0.09397079425581428,0.3731196108275466,0.057772,0.2046293511407485,0.08356425592320954,2.273002349840159,1.159141960256098,10.62640195735794,14.66164540245441,2.148889072136155,46.60816021283126,0.06010427322295106
Green & Renewable Energy,258,0.1546570731707318,0.2772088159427238,0.0548972040319626,0.1681657061498398,0.5668002134281666,0.8366528343155816,0.08660355457196725,0.3902568545143564,0.057772,0.4166701744197298,0.0684832724540582,0.2239401164051635,7.384570471196588,14.17483835680301,23.76529429542548,1.856125230284903,72.0005708956159,0.1029291358638173
Healthcare Products,842,0.1487204181818183,0.1427490200458664,0.1370039723966101,0.1760815968571464,1.116510298878523,1.181953930030054,0.106044006260692,0.4839016842739212,0.060013,0.1217394200592536,0.09858669929284825,1.29793712995898,4.172189416209838,18.54920460669446,28.09761418039386,3.530957067275591,86.01262097813844,0.2674855667712721
Healthcare Support Services,478,0.09901601351351355,0.03103276162562591,0.2071533077572603,0.2372986647503187,0.7786715730650319,0.916558867242304,0.09110226422574172,0.4240259110678302,0.057772,0.2760246029582183,0.07785666591037353,8.01749031695431,0.4902307572418489,11.28749654921444,15.30677530638024,2.305915705654942,96.39308012218274,-0.02545612284791271
Heathcare Information and Technology,430,0.1298355252918289,0.1478785625462087,0.1254007836372798,0.169746733393435,1.207249439882182,1.289920212997853,0.1121225079917791,0.5435311570366956,0.060013,0.1224871037195609,0.1038748626140789,1.086017834442093,5.322439521482191,20.95699362062974,33.85826118783636,3.867002275955683,321.7983479015028,0.2436388625644416
Homebuilding,160,0.07172586466165419,0.1071429289258849,0.10363608542706,0.2479057113920095,0.8223996026589195,0.9602309512811922,0.09356100255713112,0.3237403309830183,0.057772,0.285208071429653,0.07917346493316262,1.269298555414893,1.142054296977896,9.429707449467426,11.07266496689942,1.364995842409945,23.78670737589014,0.6733095438039169
Hospitals/Healthcare Facilities,249,0.1425727380952381,0.1226799969512325,0.1320980263575953,0.2044474188227856,0.5838514857400334,0.7601799253122585,0.08229812979508017,0.3600062293515836,0.057772,0.3177943471305495,0.06984603005802403,1.36360376102938,2.13397603628438,11.88770948710414,17.79832093020747,3.549656130590896,46.0551864358089,0.05674738642804298
Hotel/Gaming,656,0.1838084435797666,0.1666410977658608,0.1180460274485128,0.1899396884002356,0.6562244487273435,0.7984302381267229,0.0844516224065345,0.3927390282657112,0.057772,0.2869376534377079,0.0725906588701753,0.9417314184899619,3.448704120391985,13.86818190370077,22.12256323797384,4.537440166121335,74.50115923853168,-0.03702564299535631
Household Products,588,0.0821528092783505,0.1617188816212583,0.2308067613801786,0.2356972431552591,0.7741444240060512,0.8301058978401478,0.08623496204840032,0.4041766294960196,0.057772,0.1355027587052499,0.08039212124404843,1.793671051363207,2.902357734200703,14.55548489023277,17.73863622619547,4.625730847103978,68.84767078463793,0.05926111688080881
Information Services,86,0.1051593220338983,0.1178327537902393,0.2281348400529763,0.2568912617717469,0.8737359462659163,1.023720593319527,0.09713546940388937,0.3800278673746824,0.057772,0.242311019702493,0.08404577340479001,2.713108882623942,1.88271785081681,10.76973215402788,15.45029291856859,3.285100978683044,36.7469854080561,0.1412294812002468
Insurance (General),204,0.1140136363636364,0.1544565709060728,0.2562397661707816,0.2486677540953519,0.4730782196000951,0.5102355818446773,0.06822626325785533,0.3198938619016569,0.057772,0.2311327737583772,0.06242228363243409,1.959911903724869,1.563538529631204,9.002254770293247,8.903954847142833,2.218575772591184,16.33114064211346,0.1478833798869416
Insurance (Life),143,0.06224316666666665,0.1729247343541066,0.1448200858349781,0.1691078600693705,0.7948484337173086,0.8037813390844742,0.0847528893904559,0.3001301880998039,0.057772,0.4290115528367603,0.06688985831342542,1.011399529639498,1.319461203274962,7.32719050483297,7.522962961223579,1.308116926097618,75.31730470699814,-1.018040173963089
Insurance (Prop/Cas.),248,0.1278221256038648,0.152643124550992,0.180546152442018,0.2089171726875762,0.4123714259312061,0.4318265479631265,0.06381183465032403,0.2953601826804472,0.054406,0.1404264516326478,0.06055272813020231,1.46508599420259,1.31748583187308,7.815288923578121,8.577821890251895,1.674418589034932,20.50861943666401,-0.25821112713536
Investments & Asset Management,1315,0.1776110707456979,0.2505039007771637,0.08295566505053059,0.1755174687536206,0.5657130541049615,0.7483402046417704,0.08163155352133167,0.368566767701624,0.057772,0.3763208962856832,0.06713706125011898,0.3594515662703567,5.44543410788268,19.00230884512049,16.95457243875141,1.748843295495176,53.85228336720077,NA
Machinery,1553,0.0867889780405405,0.1035706020393325,0.1183512000081834,0.2216307080345536,1.329621716102589,1.369473758004885,0.116601372575675,0.4033993609586136,0.057772,0.1193748455379105,0.1078289772800248,1.480081280869955,2.613749441799412,16.88408979648814,23.60605876220991,3.372396135020447,88.38334357634362,0.2912246230349467
Metals & Mining,1874,0.2560405020080321,0.1072536660140786,0.1365780634266371,0.2983873808489146,1.125610404676817,1.236271241649942,0.1091020709048918,0.747399263183578,0.067295,0.1872715117624454,0.0980755594235385,1.347302278602321,1.843836632024247,10.69072789917057,15.97824498422355,2.566222582214006,77.31381976818405,0.1276850013196309
Office Equipment & Services,139,0.0466839175257732,0.07728502336481427,0.1261589716586438,0.2546318191355781,0.7113013935053746,0.758696340294383,0.08221460395857377,0.3687223775672925,0.057772,0.2222073602372713,0.07352643830632928,2.088081417022934,1.076846703493937,9.1443038159521,13.48534383641658,1.795084656002117,24.58469601160549,0.1500581725578792
Oil/Gas (Integrated),34,0.1025588235294118,0.1427195024574721,0.1387668708403002,0.4404764690253459,0.6324676188577144,0.688733058006266,0.07827567116575278,0.2912473365496617,0.054406,0.1776435939953857,0.07158339760236501,1.368595975044083,1.326182060868225,6.181670856706194,9.250182366422518,1.715098151907763,15.6302735905156,0.02536458947371485
Oil/Gas (Production and Exploration),539,0.2248593442622951,0.2850790324643108,0.1486947592073008,0.3505625301830368,0.7463854591601625,0.8855554675584711,0.08935677282354193,0.5391808905321575,0.060013,0.2637102090282841,0.07760345381409826,0.5727999587747761,2.588774210580685,4.836568561786052,8.925890687545323,1.331446744410924,28.76050090651914,0.01140349860610814
Oil/Gas Distribution,186,0.09591255639097744,0.1724183769141509,0.09191073674979025,0.1868280101231991,0.4611542527144429,0.6534778887963208,0.07629080513923286,0.3395738463112972,0.057772,0.3809583505341432,0.06365229793720276,0.6044436795549014,3.053957393856666,11.7825300059131,17.43060399517669,2.098756899880173,27.82939637220507,0.02615113714667903
Oilfield Svcs/Equip.,431,0.1160119692307692,0.05007511671050164,0.09059300961038078,0.230261978404765,0.7996508694362168,0.9482360006929875,0.0928856868390152,0.4221380395376769,0.057772,0.2839911271754528,0.07875132256354538,2.098790572959693,0.7598678616813682,8.83033678983486,14.49330471440069,1.542832887564483,41.45206315808559,0.05475148702676035
Packaging & Container,438,0.07855668674698799,0.07836014453145154,0.09283256980080849,0.2325542111173233,0.5755524439641465,0.7591351325704163,0.08223930796371444,0.3441170723962298,0.057772,0.3448933033517668,0.06874568016476583,1.425153303986407,1.379575421403549,9.56236673989638,17.04124353827975,1.618618810997878,38.91205773134371,0.1566224380368694
Paper/Forest Products,271,0.06921285714285713,0.04296567190544347,0.02912813212669578,0.222557661304891,0.6106540110372702,0.8886903362780022,0.08953326593245153,0.3675102153784272,0.057772,0.4384570945703326,0.06918095472486402,0.7936488736303247,1.304331257707689,10.47905022235367,28.66267022415286,0.935247487996876,149.2450269479038,0.1755412575561123
Power,486,0.1015605727923628,0.1516353594054834,0.07017650626025004,0.2032462860085923,0.45529282820391,0.713095834385215,0.07964729547588761,0.306094059709723,0.057772,0.461977296618897,0.06277031691032375,0.565609939006503,2.551955906236076,10.10017392821272,16.79084763050131,1.460927769968012,62.56480753809761,0.02703104469666699
Precious Metals,777,0.3746245698924733,0.2494359793073996,0.2153013873373777,0.2807892099793587,1.373938191111347,1.397502721670588,0.1181794032300541,0.7989371056048193,0.067295,0.08303757886209259,0.1125364064652896,0.917643435885882,4.753381526569258,12.73651266924004,17.83773922825321,3.804657280304748,116.9843636034271,0.08027924066323718
Publishing & Newspapers,307,0.03057247058823529,0.07381590385170556,0.09322190614455993,0.265406956569354,0.7787889630268272,0.8166280629364139,0.08547615994332011,0.3617680805781914,0.057772,0.2186822963991847,0.07621257747978911,1.559200631640464,1.298066388695739,10.23179810924868,16.4922305047955,1.523870819913599,71.36492122452768,0.07236118869083086
R.E.I.T.,643,0.1149438445807772,0.3191638260682245,0.03662333496456642,0.05100410168995666,0.3617107801017127,0.5649158041768807,0.07130475977515838,0.2281224401054277,0.054406,0.4446741466717571,0.05765256890236476,0.127078899954272,10.83423195678241,19.69582875946651,31.75104938479781,1.490526370054512,27.84694101501239,1.121122250159316
Real Estate (Development),895,0.1092788078541373,0.03464043404800599,0.01207738676351989,0.2953434605090853,0.4459430094478332,0.9255963509212772,0.09161107455686791,0.4316375298833472,0.057772,0.6565749313205221,0.05976992767703071,0.4114776713927805,2.08249739415861,14.08180992767816,40.1909309194856,0.5582336098166379,49.302438688236,1.709129550153643
Real Estate (General/Diversified),312,0.1169489105058367,0.1491904456432028,0.03590291574504025,0.2442921607230223,0.5976415577929464,0.9278510967823941,0.0917380167488488,0.3351451420430995,0.057772,0.4696623100945709,0.06890173278855619,0.2692977134672492,3.785734191005333,15.0164391000157,22.45656337840806,0.9265585029469142,35.03223053789104,1.16940909728276
Real Estate (Operations & Services),752,0.106951550802139,0.1739870542804467,0.04194610209003494,0.1884459279791835,0.5141243820700275,0.7817615978661525,0.08351317795986439,0.3627061746321218,0.057772,0.4520618604805629,0.06525081259357243,0.2772511126154806,4.149271620392574,18.46448433542004,22.19818780596913,0.9948345614892116,65.40912109472205,0.1846724797349471
Recreation,332,0.08771458498023714,0.1051687689805018,0.09530290658247441,0.261924180193841,0.8899705656165486,1.006379861589296,0.09615918620747738,0.3887640144142781,0.057772,0.2501930405380595,0.08288796092438629,1.205564462967723,2.037579416921606,11.44117611985326,19.90547042853703,2.640701076220093,518.4765050109564,0.1386234479341811
Reinsurance,32,0.08274785714285715,0.1332120967135036,0.1745438480795341,0.2296029152444692,0.9526677446916421,0.9894656018903776,0.09520691338642825,0.3057150140325701,0.057772,0.1686036292722797,0.08642406880558329,1.593090168907029,1.050461210359293,7.91825806910534,5.315568476665034,1.430570367596739,10.89799963641564,-0.646991351690546
Restaurant/Dining,410,0.08904744897959184,0.09509014242277498,0.1418390609350501,0.2296024179180171,0.6606263564759781,0.7547042188005285,0.08198984751846976,0.3314076568122884,0.057772,0.2064375689001402,0.073964668793585,1.995422349332178,2.473223403095496,16.59654444434705,27.87663205838354,8.956217747417544,67.30580589855452,-0.008902963365388995
Retail (Automotive),212,0.1098397972972973,0.05151367292583361,0.1047412918196891,0.2339412579952067,0.6298056345182907,0.8345533783845093,0.08648535520304787,0.3707027154283827,0.057772,0.3453292235973775,0.07150838823583575,2.537319722237231,0.8779024077303554,12.28233026002029,17.56290961731483,3.190474221885967,238.003934271649,0.1032051251049343
Retail (Building Supply),121,0.04394159090909091,0.1059004828802061,0.231414778751026,0.246617135404608,0.8046541261441439,0.9448886263181572,0.09269722966171226,0.3431839495105764,0.057772,0.2060454743464585,0.08248108582458727,2.742826999059449,1.909106375749557,13.4819504184892,18.19498298108233,12.67096425364824,27.82871151051389,0.09762740462319386
Retail (Distributors),1079,0.1697928843710291,0.04789213431125137,0.07256195383239139,0.2243316776376483,0.6427870354354531,0.8135943038880372,0.08530535930889649,0.3860263803991233,0.057772,0.3258530750417148,0.07155758036878682,1.827761977344407,0.9714873432401605,14.4145828448941,19.4447771673551,1.87538524122312,82.29169332929244,0.1597206182794098
Retail (General),252,0.02506167512690356,0.06474340055041528,0.117234501863138,0.1914603497017898,0.9372779491064982,0.9825458040668552,0.09481732876896395,0.3615244623466804,0.057772,0.1153929791380072,0.08885127113367022,2.725516681913951,1.932230896170613,17.09673563113583,30.66589619990264,5.288580515942678,66.24576868998284,0.01217096572652088
Retail (Grocery and Food),215,0.0550627380952381,0.03779647989181484,0.1007739695508477,0.2583148590557114,0.6905168684866784,0.8735269236418004,0.08867956580103337,0.3619039143297326,0.057772,0.3148862540972695,0.07433198706266891,3.499862723553217,0.6677380811373366,10.34281673725207,17.8028409483595,2.594865500151777,62.97397409524744,-0.02626738076090251
Retail (REITs),113,0.1011641935483871,0.5001563909753286,0.0508836109745845,0.07114049204288712,0.4073102020389581,0.6078154093364273,0.07372000754564086,0.1781362514483556,0.054406,0.4156579408343565,0.05995474259976463,0.1110341749571815,11.50206315471085,16.76379152853874,21.14748926434133,1.329824312847173,106.5599008769375,0.001553750689302308
Retail (Special Lines),649,0.0864061434977579,0.07408328178255402,0.1700160941762582,0.2484519779339119,0.9036386392039154,0.9604159304469734,0.09357141688416461,0.3974555854898027,0.057772,0.1551553084559602,0.08574287375475266,2.720701091060132,1.494979992414504,13.10971332802314,19.33739578616155,4.409562295492401,67.31716734916264,0.0734551606699835
Rubber& Tires,91,0.09210848101265828,0.07304957857542783,0.08276265626723926,0.2813485468128076,0.7807467415051133,0.9407597331040694,0.0924647729737591,0.301311818098797,0.057772,0.3061370390328608,0.0773570541736113,1.451849529929093,0.8990840662030828,6.817684759642478,12.12334685514196,1.265408759991341,26.60724768391314,0.211740003356104
Semiconductor,675,0.07810913865546222,0.2699037852233688,0.2053635878609724,0.1608322733095263,1.86889703225494,1.876765888655153,0.1451619195312851,0.4508125738693745,0.060013,0.03961860128087261,0.1411852334240717,1.109327556592405,10.62189423829147,26.97654347667644,38.24251439073223,8.976167264269229,192.0291315193963,0.1761634738192006
Semiconductor Equip,391,0.1108540569395017,0.2027990959163544,0.171563243909878,0.1909833978132411,2.117251565837131,2.125766710261747,0.1591806657877364,0.4598911785520198,0.060013,0.05311171292421026,0.1531050595291814,1.233775487070035,6.940079537513276,25.66213960211013,32.99726451885536,7.184034302856302,117.9121271542234,0.3059977550033087
Shipbuilding & Marine,359,0.09747634408602146,0.1434449122081565,0.08841408706345948,0.1402060232865289,0.7871248113700747,0.8743989647644601,0.08872866171623911,0.3378114092685288,0.057772,0.2942556938567827,0.07530665371926563,0.7136553229172714,1.616065969453053,7.474116154633957,10.97448843651818,0.9971256402508936,21.24934090695505,-0.01255509811130327
Shoe,84,0.06383772727272728,0.08803540824690881,0.1529177894508127,0.2144747131020382,0.8938187049899886,0.9183732849112812,0.09120441594050513,0.4242228022159766,0.057772,0.1250635703750987,0.08519021235121813,2.114924026927135,1.7476230502879,14.66784277019671,19.56630235116958,3.652912586710069,38.53380105170844,0.1749571074129782
Software (Entertainment),298,0.1652429999999999,0.3189527278025692,0.2283361152332571,0.2151242333555971,1.23463309831149,1.246407316079466,0.109672731895274,0.4930747454240414,0.060013,0.03041579912358255,0.1076992018568101,1.150202431881667,8.328991136213514,21.4288117410939,26.06670254673476,7.294809182043607,62.42873043410408,0.0372555968313419
Software (Internet),150,0.140739633027523,0.0616769875895596,0.05780212413228354,0.1617482938988749,1.337040006342187,1.392131688617691,0.117877014069176,0.4848634561992031,0.060013,0.09101234563085206,0.1112249843281137,1.400643007345897,7.728498123638001,40.55071889794711,104.4299150887297,10.21009456111655,99.39265566860605,0.06846142891124993
Software (System & Application),1532,0.1484352099031216,0.2740887358861202,0.2372451641796658,0.1867189744939688,1.330950254941355,1.353955269445132,0.115727681669761,0.5094211917641069,0.060013,0.05513843149564145,0.1118161624549238,1.543213630991605,9.912802757717099,24.63946512110707,33.19339627195448,8.198149501144265,87.91850894770006,0.1241262628704805
Steel,719,0.1138502972027972,0.04850844690028933,0.05094706351887338,0.2550403440388771,0.929347814691143,1.128858237850021,0.1030547187909562,0.3769551408811282,0.057772,0.3212772182949192,0.08379753093554845,1.259643372371044,0.9491330627667011,8.99375202753227,18.36966721395151,1.09506139482338,42.37550772705778,0.1413357605410273
Telecom (Wireless),101,0.04952219512195122,0.1582909754560217,0.09293603514650267,0.1984374430147504,0.6028420822440717,0.7824176683719886,0.08355011472934296,0.2826473785854386,0.054406,0.3331889456807965,0.06924067675741442,0.7158335256276035,2.607189379129544,8.424129392830098,16.5246883356161,1.846120495179422,47.84077632678409,-0.134664697853598
Telecom. Equipment,437,0.05152247956403265,0.1102712799217096,0.1272808640403569,0.1764514699121109,1.29793213071035,1.327918509598088,0.1142618120903723,0.4696556984456923,0.060013,0.08779880078294834,0.1081620685301952,2.050737897247834,4.106000735586163,24.95097520949019,34.43393810986509,5.889119684088354,125.4510276756533,0.2113003245938962
Telecom. Services,283,0.07276163551401871,0.1609261886984611,0.0987270863692802,0.2201688874755019,0.4962557168204669,0.7289777763741335,0.08054144880986372,0.3752660749854421,0.057772,0.4225691783922377,0.06472628802399233,0.7258353360688489,2.263007784445871,7.054086222833386,13.70472591740461,1.622142746830673,46.10553580157311,0.007717252061060532
Tobacco,48,0.1982317073170732,0.3266870167163969,0.2416713340996142,0.2206553467967175,0.3743139650447623,0.4272798643267071,0.06355585636159361,0.4049586219691881,0.057772,0.1913442300472008,0.05964466305103349,0.9566828136750641,4.446776627478958,11.99660792162503,13.5739419840982,5.633398746074878,20.53829554319265,0.1616143862536215
Transportation,451,0.08420713375796175,0.07214058509980592,0.086620383576458,0.210765194118547,0.7474630967654462,0.9638627393739637,0.09376547222675416,0.3685923699078531,0.057772,0.3484061280072251,0.07611862218822603,1.475042037933486,1.318488523602003,11.1838533241064,17.93560379143945,2.081012974551982,66.79243852767331,0.04824455000621122
Transportation (Railroads),54,0.06665086956521737,0.2345234588972128,0.0778672810557345,0.2470147746803744,0.5543601703442842,0.7199789317393676,0.0800348138569264,0.2288012233873055,0.054406,0.3217639257274497,0.06734714227667223,0.434711523713422,3.77796352334556,10.93533213574872,15.89581690287881,1.909799618494047,39.79859766148373,0.07263191591482737
Trucking,130,0.07890906976744189,0.07445277969940023,0.08435475076105046,0.2610157077538672,0.6772463794887177,0.8497807821021479,0.08734265803235093,0.3832852261285716,0.057772,0.2850734894354313,0.0747345946714137,1.369006872019866,1.50569269801898,9.612106472581209,19.42543073309243,2.373438887807801,29.30089156223544,0.06996650952491135
Utility (General),52,0.07534782608695653,0.1522406261986824,0.0799133728230514,0.2071556701121892,0.3343806185124047,0.5038591187475229,0.06786726838548554,0.2073312261995846,0.054406,0.4325539214638348,0.05607408773866698,0.647788200877786,2.54379132105459,10.79665716175252,16.77322715552353,1.720838188284137,27.25553440996123,0.02196299812586075
Utility (Water),106,0.06059290697674419,0.2659565753619052,0.06530380330030684,0.2113405184365469,0.4453385304877626,0.7045959106451266,0.07916874976932063,0.3348934032665305,0.057772,0.4771840377749467,0.06196459211950026,0.2930657217394863,4.762558110589225,11.89386665872409,17.67380678218877,1.459736940525908,30.51355826047945,0.1537493203564604
